table,rows,sha256
layer3_frontH_CJ_finite_relations.csv,5,526fefa7824890120a0769933ce3cc88dcef5cbfb7d94513baa146e2ed1ddafb
layer3_frontH_competitor_guardrail.csv,3,a523c5bc1807ed79cd58301bfa042a910adeb15333bf165daa4cbf1f4e377d31
layer3_frontH_continuous_path_audit.csv,12,c06253a3ba8477af531290c01115ad0409fdfd2880ae67fa5a4021885a4a0332
layer3_frontH_edge_qp_chart.csv,6,36744b46e943d7c9d8dc48375b6dde30e3d21d88a315e1414888fd2d6aa538c0
layer3_frontH_hamiltonian_path.csv,6,5eb9eac5168feaa380855003a4afa285a6f8d83e6e437f93b1f201ad9a020d3e
layer3_frontH_signed_lift_matrices.csv,24,b05d1e4181ef39ea602b24de4f3c0c4db4e9deb882dc1a8ba24cf28f296244f1
layer3_frontH_status_registry.csv,6,8c19bfdc96375f49476af4301a31ce2484c220ec8d33031aeb8e7a9aa0344eb4
layer3_frontH_symplectic_audit.csv,6,edbac45e9b30ad502104b51fadcaa9104be1fad842c8b7d0963f7c06093a1ecd
layer3_frontH_table_manifest.csv,11,e21ae20e0256c1bdd315fbfad458360becbe1721a7d44384a5750432d1322617
layer3_frontH_tick_map_audit.csv,3,3a366a20142fc3b8315d8baeb0be06ee5d9811600a22c4bba462b0e9614446a9
layer3_frontH_verifier_checks.csv,6,87574d784fce20d5cb03f60fa1d79b743b59e91c4e91b2e371d8b4cc5bb86b04
